<?xml version="1.0" encoding="UTF-8"?>
<project-private xmlns="http://www.netbeans.org/ns/project-private/1">
    <editor-bookmarks xmlns="http://www.netbeans.org/ns/editor-bookmarks/2" lastBookmarkId="0"/>
    <open-files xmlns="http://www.netbeans.org/ns/projectui-open-files/2">
        <group>
            <file>file:/D:/PEPE/MisDoc/Others/UTP/CS/Programas/RMI/RMIExample/src/rmiexample/Servidor/ServidorImpl.java</file>
            <file>file:/D:/PEPE/MisDoc/Others/UTP/CS/Programas/RMI/RMIExample/src/rmiexample/Common/IServidor.java</file>
            <file>file:/D:/PEPE/MisDoc/Others/UTP/CS/Programas/RMI/RMIExample/src/rmiexample/Servidor/Servidor.java</file>
            <file>file:/D:/PEPE/MisDoc/Others/UTP/CS/Programas/RMI/RMIExample/src/rmiexample/Cliente/Cliente.java</file>
        </group>
    </open-files>
</project-private>
